{"cameraMode":{"drawMode":0,"name":"Shaded","section":"Shading Mode"},"sceneLighting":true,"audioPlay":false,"sceneViewState":{"showFog":true,"showMaterialUpdate":true,"showSkybox":true,"showFlares":true,"showImageEffects":true,"showParticleSystems":true},"in2DMode":false,"pivot":{"x":0.05034792423248291,"y":12.157696723937989,"z":-0.3914831876754761},"rotation":{"x":-0.012483865953981877,"y":0.9750425815582275,"z":-0.2142631858587265,"w":-0.05681072920560837},"size":20.28801155090332,"orthographic":false}